d-block href	col-4	col 4	col 5
https://dmns.app/tlds/com	com	VeriSign Global Registry Services	01/01/1985
https://dmns.app/tlds/cn	cn	China Internet Network Information Center (CNNIC)	28/11/1990
https://dmns.app/tlds/de	de	DENIC eG	05/11/1986
https://dmns.app/tlds/net	net	VeriSign Global Registry Services	01/01/1985
https://dmns.app/tlds/uk	uk	Nominet UK	24/07/1985
https://dmns.app/tlds/org	org	Public Interest Registry (PIR)	01/01/1985
https://dmns.app/tlds/nl	nl	SIDN (Stichting Internet Domeinregistratie Nederland)	25/04/1986
https://dmns.app/tlds/ru	ru	Coordination Center for TLD RU	07/04/1994
https://dmns.app/tlds/br	br	Comite Gestor da Internet no Brasil	18/04/1989
https://dmns.app/tlds/info	info	Identity Digital Limited	26/06/2001
https://dmns.app/tlds/au	au	.au Domain Administration (auDA)	05/03/1986
https://dmns.app/tlds/xyz	xyz	XYZ.COM LLC	06/02/2014
https://dmns.app/tlds/fr	fr	Association Française pour le Nommage Internet en Coopération (A.F.N.I.C.)	02/09/1986
https://dmns.app/tlds/eu	eu	EURid vzw/asbl	28/04/2005
https://dmns.app/tlds/it	it	IIT - CNR	23/12/1987
https://dmns.app/tlds/ca	ca	Canadian Internet Registration Authority (CIRA) Autorité Canadienne pour les enregistrements Internet (ACEI)	14/05/1987
https://dmns.app/tlds/in	in	National Internet Exchange of India	08/05/1989
https://dmns.app/tlds/online	online	Radix Technologies Inc. SEZC	06/03/2015
https://dmns.app/tlds/top	top	.TOP Registry	24/07/2014
https://dmns.app/tlds/us	us	Registry Services, LLC	15/02/1985
https://dmns.app/tlds/shop	shop	GMO Registry, Inc.	05/05/2016
https://dmns.app/tlds/icu	icu	Shortdot SA	06/03/2015
https://dmns.app/tlds/site	site	Radix Technologies Inc. SEZC	06/03/2015
https://dmns.app/tlds/mx	mx	"NIC-Mexico ITESM - Campus Monterrey"	01/02/1989
https://dmns.app/tlds/store	store	Radix Technologies Inc.	11/02/2016
https://dmns.app/tlds/cl	cl	NIC Chile (University of Chile)	27/01/1995
https://dmns.app/tlds/app	app	Charleston Road Registry Inc.	25/06/2015
https://dmns.app/tlds/ai	ai	Government of Anguilla	16/02/1995
https://dmns.app/tlds/co	co	Ministry of Information and Communications Technologies (MinTIC)	24/12/1991
https://dmns.app/tlds/ie	ie	University College Dublin, Computing Services, Computer Centre	27/01/1988
https://dmns.app/tlds/me	me	Government of Montenegro	24/09/2007
https://dmns.app/tlds/blog	blog	Knock Knock WHOIS There, LLC	12/05/2016
https://dmns.app/tlds/link	link	Nova Registry Ltd.	09/01/2014
https://dmns.app/tlds/io	io	Internet Computer Bureau Limited	16/09/1997
https://dmns.app/tlds/ly	ly	General Authority of Communications and Informatics (GACI)	23/04/1997
https://dmns.app/tlds/fm	fm	FSM Telecommunications Corporation	19/04/1995
https://dmns.app/tlds/ci	ci	Autorité de Régulation des Télécommunications/TIC de Côte d’lvoire (ARTCI)	14/02/1995
https://dmns.app/tlds/cisco	cisco	Cisco Technology, Inc.	16/04/2015
https://dmns.app/tlds/bostik	bostik	Bostik SA	06/11/2015
https://dmns.app/tlds/boston	boston	Registry Services, LLC	21/11/2016
https://dmns.app/tlds/bot	bot	Amazon Registry Services, Inc.	12/11/2015
https://dmns.app/tlds/boutique	boutique	Binky Moon, LLC	16/01/2014
https://dmns.app/tlds/box	box	Intercap Registry Inc.	27/10/2016
https://dmns.app/tlds/bradesco	bradesco	Banco Bradesco S.A.	29/05/2015
https://dmns.app/tlds/bridgestone	bridgestone	Bridgestone Corporation	16/04/2015
https://dmns.app/tlds/broadway	broadway	Celebrate Broadway, Inc.	08/10/2015
https://dmns.app/tlds/broker	broker	Dog Beach, LLC	06/03/2015
https://dmns.app/tlds/brother	brother	Brother Industries, Ltd.	09/04/2015
https://dmns.app/tlds/brussels	brussels	DNS.be vzw	05/06/2014
https://dmns.app/tlds/bs	bs	University of The Bahamas	03/09/1991
https://dmns.app/tlds/bt	bt	Ministry of Information and Communications	16/07/1997
https://dmns.app/tlds/build	build	Plan Bee LLC	09/01/2014
https://dmns.app/tlds/builders	builders	Binky Moon, LLC	19/12/2013
https://dmns.app/tlds/business	business	Binky Moon, LLC	18/08/2014
https://dmns.app/tlds/buy	buy	Amazon Registry Services, INC	20/11/2015
https://dmns.app/tlds/buzz	buzz	DOTSTRATEGY CO.	12/12/2013
https://dmns.app/tlds/bv	bv	Norid A/S	21/08/1997
https://dmns.app/tlds/bw	bw	Botswana Communications Regulatory Authority (BOCRA)	19/03/1993
https://dmns.app/tlds/by	by	Belarusian Cloud Technologies LLC	10/05/1994
https://dmns.app/tlds/bz	bz	University of Belize	03/09/1991
https://dmns.app/tlds/bzh	bzh	Association www.bzh	29/05/2014
https://dmns.app/tlds/cab	cab	Binky Moon, LLC	12/12/2013
https://dmns.app/tlds/cafe	cafe	Binky Moon, LLC	12/03/2015
https://dmns.app/tlds/cal	cal	Charleston Road Registry Inc.	04/09/2014
https://dmns.app/tlds/call	call	Amazon Registry Services, Inc.	12/11/2015
https://dmns.app/tlds/calvinklein	calvinklein	PVH gTLD Holdings LLC	28/07/2016
https://dmns.app/tlds/cam	cam	CAM Connecting SARL	09/06/2016
https://dmns.app/tlds/camera	camera	Binky Moon, LLC	31/10/2013
https://dmns.app/tlds/camp	camp	Binky Moon, LLC	12/12/2013
https://dmns.app/tlds/canon	canon	Canon Inc.	29/01/2015
https://dmns.app/tlds/capetown	capetown	ZA Central Registry NPC trading as ZA Central Registry	05/06/2014
https://dmns.app/tlds/capital	capital	Binky Moon, LLC	03/04/2014
https://dmns.app/tlds/capitalone	capitalone	Capital One Financial Corporation	04/08/2016
https://dmns.app/tlds/car	car	XYZ.COM LLC	26/08/2015
https://dmns.app/tlds/caravan	caravan	Caravan International, Inc.	22/05/2014
https://dmns.app/tlds/cards	cards	Binky Moon, LLC	06/02/2014
https://dmns.app/tlds/care	care	Binky Moon, LLC	17/04/2014
https://dmns.app/tlds/career	career	dotCareer LLC	20/03/2014
https://dmns.app/tlds/careers	careers	Binky Moon, LLC	12/12/2013
https://dmns.app/tlds/cars	cars	XYZ.COM LLC	12/03/2015
https://dmns.app/tlds/casa	casa	Registry Services, LLC	18/08/2014
https://dmns.app/tlds/case	case	Digity, LLC	27/10/2016
https://dmns.app/tlds/cash	cash	Binky Moon, LLC	17/04/2014
https://dmns.app/tlds/casino	casino	Binky Moon, LLC	13/02/2015
https://dmns.app/tlds/cat	cat	Fundacio puntCAT	19/12/2005
https://dmns.app/tlds/catering	catering	Binky Moon, LLC	30/01/2014
https://dmns.app/tlds/catholic	catholic	Pontificium Consilium de Comunicationibus Socialibus (PCCS) (Pontifical Council for Social Communication)	16/11/2016
https://dmns.app/tlds/cba	cba	COMMONWEALTH BANK OF AUSTRALIA	26/03/2015
https://dmns.app/tlds/cbn	cbn	The Christian Broadcasting Network, Inc.	20/11/2014
https://dmns.app/tlds/cbre	cbre	CBRE, Inc.	16/06/2016
https://dmns.app/tlds/cc	cc	eNIC Cocos (Keeling) Islands Pty. Ltd. d/b/a Island Internet Services	13/10/1997
https://dmns.app/tlds/cd	cd	Office Congolais des Postes et Télécommunications - OCPT	20/08/1997
https://dmns.app/tlds/center	center	Binky Moon, LLC	12/12/2013
https://dmns.app/tlds/ceo	ceo	XYZ.COM LLC	19/12/2013
https://dmns.app/tlds/cern	cern	"European Organization for Nuclear Research (""CERN"")"	13/08/2014
https://dmns.app/tlds/cf	cf	Societe Centrafricaine de Telecommunications (SOCATEL)	24/04/1996
https://dmns.app/tlds/cfa	cfa	CFA Institute	16/04/2015
https://dmns.app/tlds/cfd	cfd	Shortdot SA	06/03/2015
https://dmns.app/tlds/cg	cg	Interpoint Switzerland	14/01/1997
https://dmns.app/tlds/ch	ch	SWITCH The Swiss Education & Research Network	20/05/1987
https://dmns.app/tlds/archi	archi	Identity Digital Limited	20/03/2014
https://dmns.app/tlds/army	army	Dog Beach, LLC	29/05/2014
https://dmns.app/tlds/arpa	arpa	Internet Architecture Board (IAB)	01/01/1985
https://dmns.app/tlds/art	art	UK Creative Ideas Limited	09/06/2016
https://dmns.app/tlds/arte	arte	Association Relative à la Télévision Européenne G.E.I.E.	24/09/2015
https://dmns.app/tlds/as	as	AS Domain Registry	12/06/1997
https://dmns.app/tlds/asda	asda	Asda Stores Limited	21/07/2016
https://dmns.app/tlds/asia	asia	DotAsia Organisation Ltd.	02/05/2007
https://dmns.app/tlds/associates	associates	Binky Moon, LLC	03/04/2014
https://dmns.app/tlds/at	at	nic.at GmbH	20/01/1988
https://dmns.app/tlds/athleta	athleta	The Gap, Inc.	14/07/2016
https://dmns.app/tlds/attorney	attorney	Dog Beach, LLC	22/05/2014
https://dmns.app/tlds/auction	auction	Dog Beach, LLC	24/04/2014
https://dmns.app/tlds/audi	audi	AUDI Aktiengesellschaft	12/11/2015
https://dmns.app/tlds/audible	audible	Amazon Registry Services, Inc.	19/05/2016
https://dmns.app/tlds/audio	audio	XYZ.COM LLC	08/05/2014
https://dmns.app/tlds/auspost	auspost	Australian Postal Corporation	11/08/2016
https://dmns.app/tlds/author	author	Amazon Registry Services, Inc.	12/11/2015
https://dmns.app/tlds/auto	auto	XYZ.COM LLC	12/03/2015
https://dmns.app/tlds/autos	autos	XYZ.COM LLC	01/05/2014
https://dmns.app/tlds/aw	aw	SETAR	20/02/1996
https://dmns.app/tlds/aws	aws	AWS Registry LLC	18/03/2016
https://dmns.app/tlds/ax	ax	Ålands landskapsregering	21/06/2006
https://dmns.app/tlds/axa	axa	AXA Group Operations SAS	13/03/2014
https://dmns.app/tlds/az	az	IntraNS	25/08/1993
https://dmns.app/tlds/azure	azure	Microsoft Corporation	30/04/2015
https://dmns.app/tlds/ba	ba	Universtiy Telinformatic Centre (UTIC)	14/08/1996
https://dmns.app/tlds/baby	baby	XYZ.COM LLC	14/01/2016
https://dmns.app/tlds/baidu	baidu	Baidu, Inc.	17/12/2015
https://dmns.app/tlds/banamex	banamex	Citigroup Inc.	21/07/2016
https://dmns.app/tlds/band	band	Dog Beach, LLC	01/10/2014
https://dmns.app/tlds/bank	bank	fTLD Registry Services, LLC	26/11/2014
https://dmns.app/tlds/bar	bar	Punto 2012 Sociedad Anonima Promotora de Inversion de Capital Variable	13/02/2014
https://dmns.app/tlds/barcelona	barcelona	Municipi de Barcelona	04/06/2015
https://dmns.app/tlds/barclaycard	barclaycard	Barclays Bank PLC	08/01/2015
https://dmns.app/tlds/barclays	barclays	Barclays Bank PLC	08/01/2015
https://dmns.app/tlds/barefoot	barefoot	Gallo Vineyards, Inc.	24/10/2015
https://dmns.app/tlds/bargains	bargains	Binky Moon, LLC	16/01/2014
https://dmns.app/tlds/baseball	baseball	MLB Advanced Media DH, LLC	29/09/2016
https://dmns.app/tlds/basketball	basketball	Fédération Internationale de Basketball (FIBA)	13/10/2016
https://dmns.app/tlds/bauhaus	bauhaus	Werkhaus GmbH	12/03/2015
https://dmns.app/tlds/bayern	bayern	Bayern Connect GmbH	13/03/2014
https://dmns.app/tlds/bb	bb	Ministry of Innovation, Science and Smart Technology	03/09/1991
https://dmns.app/tlds/bbc	bbc	British Broadcasting Corporation	12/03/2015
https://dmns.app/tlds/bbt	bbt	BB&T Corporation	12/05/2016
https://dmns.app/tlds/bbva	bbva	BANCO BILBAO VIZCAYA ARGENTARIA, S.A.	23/04/2015
https://dmns.app/tlds/bcg	bcg	The Boston Consulting Group, Inc.	11/02/2016
https://dmns.app/tlds/bcn	bcn	Municipi de Barcelona	04/06/2015
https://dmns.app/tlds/bd	bd	Posts and Telecommunications Division	20/05/1999
https://dmns.app/tlds/be	be	DNS Belgium vzw/asbl	05/08/1988
https://dmns.app/tlds/beats	beats	Beats Electronics, LLC	13/08/2015
https://dmns.app/tlds/beauty	beauty	XYZ.COM LLC	07/04/2016
https://dmns.app/tlds/beer	beer	Registry Services, LLC	13/03/2014
https://dmns.app/tlds/bentley	bentley	Bentley Motors Limited	14/05/2015
https://dmns.app/tlds/berlin	berlin	dotBERLIN GmbH & Co. KG	19/12/2013
https://dmns.app/tlds/best	best	BestTLD Pty Ltd	20/02/2014
https://dmns.app/tlds/bestbuy	bestbuy	BBY Solutions, Inc.	10/12/2015
https://dmns.app/tlds/bet	bet	Identity Digital Limited	16/07/2015
https://dmns.app/tlds/bf	bf	Autorité de Régulation des Communications Electroniques et des Postes (ARCEP)	29/03/1993
https://dmns.app/tlds/bg	bg	Register.BG	03/01/1995
https://dmns.app/tlds/bh	bh	Telecommunications Regulatory Authority (TRA)	01/02/1994
https://dmns.app/tlds/bharti	bharti	Bharti Enterprises (Holding) Private Limited	08/05/2015
https://dmns.app/tlds/bi	bi	Centre National de l'Informatique	21/10/1996
https://dmns.app/tlds/bible	bible	American Bible Society	14/05/2015
https://dmns.app/tlds/bid	bid	dot Bid Limited	13/02/2014
https://dmns.app/tlds/bike	bike	Binky Moon, LLC	08/11/2013
https://dmns.app/tlds/bing	bing	Microsoft Corporation	30/04/2015
https://dmns.app/tlds/bingo	bingo	Binky Moon, LLC	29/01/2015
https://dmns.app/tlds/bio	bio	Identity Digital Limited	15/05/2014
https://dmns.app/tlds/biz	biz	Registry Services, LLC	26/06/2001
https://dmns.app/tlds/bj	bj	Autorité de Régulation des Communications Electroniques et de la Poste du Bénin (ARCEP BENIN)	18/01/1996
https://dmns.app/tlds/black	black	Identity Digital Limited	20/03/2014
https://dmns.app/tlds/blackfriday	blackfriday	Registry Services, LLC	17/04/2014
https://dmns.app/tlds/blockbuster	blockbuster	Dish DBS Corporation	30/06/2016
https://dmns.app/tlds/bloomberg	bloomberg	Bloomberg IP Holdings LLC	16/10/2014
https://dmns.app/tlds/blue	blue	Identity Digital Limited	23/01/2014
https://dmns.app/tlds/bm	bm	Registry General Department, Ministry of Home Affairs	31/03/1993
https://dmns.app/tlds/bms	bms	Bristol-Myers Squibb Company	10/09/2015
https://dmns.app/tlds/bmw	bmw	Bayerische Motoren Werke Aktiengesellschaft	05/06/2014
https://dmns.app/tlds/bn	bn	Authority for Info-communications Technology Industry of Brunei Darussalam (AITI)	03/06/1994
https://dmns.app/tlds/bnpparibas	bnpparibas	BNP Paribas	31/07/2014
https://dmns.app/tlds/bo	bo	Agencia para el Desarrollo de la Información de la Sociedad en Bolivia	26/02/1991
https://dmns.app/tlds/boats	boats	XYZ.COM LLC	13/02/2015
https://dmns.app/tlds/boehringer	boehringer	Boehringer Ingelheim International GmbH	06/11/2015
https://dmns.app/tlds/bofa	bofa	Bank of America Corporation	28/07/2016
https://dmns.app/tlds/bom	bom	Núcleo de Informação e Coordenação do Ponto BR - NIC.br	29/05/2015
https://dmns.app/tlds/bond	bond	Shortdot SA	30/10/2014
https://dmns.app/tlds/boo	boo	Charleston Road Registry Inc.	12/06/2014
https://dmns.app/tlds/book	book	Amazon Registry Services, Inc.	12/11/2015
https://dmns.app/tlds/booking	booking	Booking.com B.V.	07/07/2016
https://dmns.app/tlds/bosch	bosch	Robert Bosch GMBH	18/12/2015
https://dmns.app/tlds/chanel	chanel	Chanel International B.V.	18/06/2015
https://dmns.app/tlds/channel	channel	Charleston Road Registry Inc.	23/08/2014
https://dmns.app/tlds/charity	charity	Public Interest Registry (PIR)	17/05/2018
https://dmns.app/tlds/chase	chase	JPMorgan Chase Bank, National Association	14/01/2016
https://dmns.app/tlds/chat	chat	Binky Moon, LLC	29/01/2015
https://dmns.app/tlds/cheap	cheap	Binky Moon, LLC	09/01/2014
https://dmns.app/tlds/chintai	chintai	CHINTAI Corporation	03/03/2016
https://dmns.app/tlds/christmas	christmas	XYZ.COM LLC	13/02/2014
https://dmns.app/tlds/chrome	chrome	Charleston Road Registry Inc.	04/09/2014
https://dmns.app/tlds/church	church	Binky Moon, LLC	08/05/2014
https://dmns.app/tlds/cipriani	cipriani	Hotel Cipriani Srl	30/07/2015
https://dmns.app/tlds/circle	circle	Amazon Registry Services, Inc.	12/11/2015
https://dmns.app/tlds/citadel	citadel	Citadel Domain LLC	30/06/2016
https://dmns.app/tlds/citi	citi	Citigroup Inc.	21/07/2016
https://dmns.app/tlds/citic	citic	CITIC Group Corporation	17/04/2014
https://dmns.app/tlds/city	city	Binky Moon, LLC	03/07/2014
https://dmns.app/tlds/ck	ck	Telecom Cook Islands Ltd.	08/08/1995
https://dmns.app/tlds/claims	claims	Binky Moon, LLC	01/05/2014
https://dmns.app/tlds/cleaning	cleaning	Binky Moon, LLC	30/01/2014
https://dmns.app/tlds/click	click	Internet Naming Co.	15/08/2014
https://dmns.app/tlds/clinic	clinic	Binky Moon, LLC	11/04/2014
https://dmns.app/tlds/clinique	clinique	The Estée Lauder Companies Inc.	10/12/2015
https://dmns.app/tlds/clothing	clothing	Binky Moon, LLC	31/10/2013
https://dmns.app/tlds/cloud	cloud	ARUBA PEC S.p.A.	18/06/2015
https://dmns.app/tlds/club	club	Registry Services, LLC	09/01/2014
https://dmns.app/tlds/clubmed	clubmed	Club Méditerranée S.A.	24/09/2015
https://dmns.app/tlds/cm	cm	Agence Nationale des Technologies de l'Information et de la Communication (ANTIC)	29/04/1995
https://dmns.app/tlds/coach	coach	Binky Moon, LLC	20/11/2014
https://dmns.app/tlds/codes	codes	Binky Moon, LLC	19/12/2013
https://dmns.app/tlds/coffee	coffee	Binky Moon, LLC	19/12/2013
https://dmns.app/tlds/college	college	XYZ.COM LLC	13/03/2014
https://dmns.app/tlds/cologne	cologne	dotKoeln GmbH	13/03/2014
https://dmns.app/tlds/commbank	commbank	COMMONWEALTH BANK OF AUSTRALIA	26/03/2015
https://dmns.app/tlds/community	community	Binky Moon, LLC	23/01/2014
https://dmns.app/tlds/company	company	Binky Moon, LLC	12/12/2013
https://dmns.app/tlds/compare	compare	Registry Services, LLC	23/12/2015
https://dmns.app/tlds/computer	computer	Binky Moon, LLC	12/12/2013
https://dmns.app/tlds/comsec	comsec	VeriSign, Inc.	08/10/2015
https://dmns.app/tlds/condos	condos	Binky Moon, LLC	06/02/2014
https://dmns.app/tlds/construction	construction	Binky Moon, LLC	08/11/2013
https://dmns.app/tlds/consulting	consulting	Dog Beach, LLC	30/01/2014
https://dmns.app/tlds/contact	contact	Dog Beach, LLC	10/12/2015
https://dmns.app/tlds/contractors	contractors	Binky Moon, LLC	08/11/2013
https://dmns.app/tlds/cooking	cooking	Registry Services, LLC	28/02/2014
https://dmns.app/tlds/cool	cool	Binky Moon, LLC	16/01/2014
https://dmns.app/tlds/coop	coop	DotCooperation LLC	15/12/2001
https://dmns.app/tlds/corsica	corsica	Collectivité de Corse	23/04/2015
https://dmns.app/tlds/country	country	Internet Naming Co.	28/02/2014
https://dmns.app/tlds/coupon	coupon	Amazon Registry Services, Inc.	29/01/2016
https://dmns.app/tlds/coupons	coupons	Binky Moon, LLC	08/05/2015
https://dmns.app/tlds/courses	courses	Registry Services, LLC	19/02/2015
https://dmns.app/tlds/cpa	cpa	American Institute of Certified Public Accountants	11/09/2019
https://dmns.app/tlds/cr	cr	National Academy of Sciences (Academia Nacional de Ciencias)	10/09/1990
https://dmns.app/tlds/credit	credit	Binky Moon, LLC	24/04/2014
https://dmns.app/tlds/creditcard	creditcard	Binky Moon, LLC	24/04/2014
https://dmns.app/tlds/creditunion	creditunion	DotCooperation, LLC	15/10/2015
https://dmns.app/tlds/cricket	cricket	dot Cricket Limited	13/11/2014
https://dmns.app/tlds/crown	crown	Crown Equipment Corporation	04/06/2015
https://dmns.app/tlds/crs	crs	Federated Co-operatives Limited	28/08/2014
https://dmns.app/tlds/cruise	cruise	Viking River Cruises (Bermuda) Ltd.	21/10/2016
https://dmns.app/tlds/cruises	cruises	Binky Moon, LLC	30/01/2014
https://dmns.app/tlds/cu	cu	CENIAInternet	03/06/1992
https://dmns.app/tlds/cuisinella	cuisinella	SCHMIDT GROUPE S.A.S.	19/06/2014
https://dmns.app/tlds/cv	cv	Agência Reguladora Multissectorial da Economia (ARME)	21/10/1996
https://dmns.app/tlds/cw	cw	University of Curacao	20/12/2010
https://dmns.app/tlds/cx	cx	Christmas Island Domain Administration Limited	24/04/1997
https://dmns.app/tlds/cy	cy	University of Cyprus	26/07/1994
https://dmns.app/tlds/cymru	cymru	Nominet UK	31/07/2014
https://dmns.app/tlds/cyou	cyou	Shortdot SA	19/03/2015
https://dmns.app/tlds/cz	cz	CZ.NIC, z.s.p.o	13/01/1993
https://dmns.app/tlds/dad	dad	Charleston Road Registry Inc.	12/06/2014
https://dmns.app/tlds/dance	dance	Dog Beach, LLC	09/01/2014
https://dmns.app/tlds/data	data	Dish DBS Corporation	15/12/2016
https://dmns.app/tlds/date	date	dot Date Limited	05/02/2015
https://dmns.app/tlds/dating	dating	Binky Moon, LLC	23/01/2014
https://dmns.app/tlds/datsun	datsun	NISSAN MOTOR CO., LTD.	10/07/2014
https://dmns.app/tlds/day	day	Charleston Road Registry Inc.	12/06/2014
https://dmns.app/tlds/dclk	dclk	Charleston Road Registry Inc.	08/01/2015
https://dmns.app/tlds/dds	dds	Registry Services, LLC	08/01/2016
https://dmns.app/tlds/deal	deal	Amazon Registry Services, Inc.	19/05/2016
https://dmns.app/tlds/dealer	dealer	Intercap Registry Inc.	25/11/2015
https://dmns.app/tlds/deals	deals	Binky Moon, LLC	03/07/2014
https://dmns.app/tlds/wed	wed	Emergency Back-End Registry Operator Program - ICANN	12/12/2013
https://dmns.app/tlds/wedding	wedding	Registry Services, LLC	10/07/2014
https://dmns.app/tlds/weibo	weibo	Sina Corporation	29/02/2016
https://dmns.app/tlds/weir	weir	Weir Group IP Limited	02/04/2015
https://dmns.app/tlds/wf	wf	Association Française pour le Nommage Internet en Coopération (A.F.N.I.C.)	14/11/1997
https://dmns.app/tlds/whoswho	whoswho	Who's Who Registry	12/06/2014
https://dmns.app/tlds/wien	wien	punkt.wien GmbH	19/12/2013
https://dmns.app/tlds/wiki	wiki	Registry Services, LLC	06/02/2014
https://dmns.app/tlds/williamhill	williamhill	William Hill Organization Limited	03/07/2014
https://dmns.app/tlds/win	win	First Registry Limited	05/02/2015
https://dmns.app/tlds/windows	windows	Microsoft Corporation	30/04/2015
https://dmns.app/tlds/wine	wine	Binky Moon, LLC	23/07/2015
https://dmns.app/tlds/winners	winners	The TJX Companies, Inc.	07/04/2016
https://dmns.app/tlds/wme	wme	William Morris Endeavor Entertainment, LLC	22/08/2014
https://dmns.app/tlds/wolterskluwer	wolterskluwer	Wolters Kluwer N.V.	05/02/2016
https://dmns.app/tlds/woodside	woodside	Woodside Petroleum Limited	08/01/2016
https://dmns.app/tlds/work	work	Registry Services, LLC	18/08/2014
https://dmns.app/tlds/works	works	Binky Moon, LLC	16/01/2014
https://dmns.app/tlds/world	world	Binky Moon, LLC	11/09/2014
https://dmns.app/tlds/wow	wow	Amazon Registry Services, Inc.	16/09/2016
https://dmns.app/tlds/ws	ws	Government of Samoa Ministry of Foreign Affairs & Trade	14/07/1995
https://dmns.app/tlds/wtc	wtc	World Trade Centers Association, Inc.	17/04/2014
https://dmns.app/tlds/wtf	wtf	Binky Moon, LLC	17/04/2014
https://dmns.app/tlds/xbox	xbox	Microsoft Corporation	30/04/2015
https://dmns.app/tlds/xerox	xerox	Xerox DNHC LLC	02/04/2015
https://dmns.app/tlds/xihuan	xihuan	Beijing Qihu Keji Co., Ltd.	18/03/2016
https://dmns.app/tlds/xin	xin	Elegant Leader Limited	19/02/2015
https://dmns.app/tlds/xxx	xxx	ICM Registry LLC	15/04/2011
https://dmns.app/tlds/yachts	yachts	XYZ.COM LLC	01/05/2014
https://dmns.app/tlds/yahoo	yahoo	Yahoo Inc.	29/01/2016
https://dmns.app/tlds/yamaxun	yamaxun	Amazon Registry Services, Inc.	10/09/2015
https://dmns.app/tlds/yandex	yandex	YANDEX LLC	10/07/2014
https://dmns.app/tlds/ye	ye	TeleYemen	19/08/1996
https://dmns.app/tlds/yodobashi	yodobashi	YODOBASHI CAMERA CO.,LTD.	13/02/2015
https://dmns.app/tlds/yoga	yoga	Registry Services, LLC	15/08/2014
https://dmns.app/tlds/yokohama	yokohama	GMO Registry, Inc.	27/03/2014
https://dmns.app/tlds/you	you	Amazon Registry Services, Inc.	18/03/2016
https://dmns.app/tlds/youtube	youtube	Charleston Road Registry Inc.	23/08/2014
https://dmns.app/tlds/yt	yt	Association Française pour le Nommage Internet en Coopération (A.F.N.I.C.)	17/11/1997
https://dmns.app/tlds/yun	yun	Beijing Qihu Keji Co., Ltd.	18/03/2016
https://dmns.app/tlds/za	za	ZA Domain Name Authority	07/11/1990
https://dmns.app/tlds/zappos	zappos	Amazon Registry Services, Inc.	19/05/2016
https://dmns.app/tlds/zara	zara	Industria de Diseño Textil, S.A. (INDITEX, S.A.)	10/09/2015
https://dmns.app/tlds/zero	zero	Amazon Registry Services, Inc.	12/11/2015
https://dmns.app/tlds/zip	zip	Charleston Road Registry Inc.	23/08/2014
https://dmns.app/tlds/zm	zm	Zambia Information and Communications Technology Authority (ZICTA)	25/03/1994
https://dmns.app/tlds/zone	zone	Binky Moon, LLC	09/01/2014
https://dmns.app/tlds/zuerich	zuerich	Kanton Zürich (Canton of Zurich)	18/12/2014
https://dmns.app/tlds/zw	zw	Postal and Telecommunications Regulatory Authority of Zimbabwe (POTRAZ)	06/11/1991
https://dmns.app/tlds/%CE%B5%CE%BB	ελ	ICS-FORTH GR	06/05/2015
https://dmns.app/tlds/%CE%B5%CF%85	ευ	EURid vzw	18/07/2019
https://dmns.app/tlds/%D0%B1%D0%B3	бг	Imena.BG AD	05/03/2016
https://dmns.app/tlds/%D0%B1%D0%B5%D0%BB	бел	Belarusian Cloud Technologies LLC	29/09/2014
https://dmns.app/tlds/%D0%B4%D0%B5%D1%82%D0%B8	дети	The Foundation for Network Initiatives “The Smart Internet”	13/02/2014
https://dmns.app/tlds/%D0%B5%D1%8E	ею	EURid vzw	08/12/2015
https://dmns.app/tlds/%D0%BA%D0%B0%D1%82%D0%BE%D0%BB%D0%B8%D0%BA	католик	Pontificium Consilium de Comunicationibus Socialibus (PCCS) (Pontifical Council for Social Communication)	16/11/2016
https://dmns.app/tlds/%D0%BA%D0%BE%D0%BC	ком	VeriSign Sarl	02/07/2015
https://dmns.app/tlds/%D0%BC%D0%BA%D0%B4	мкд	Macedonian Academic Research Network Skopje	21/04/2014
https://dmns.app/tlds/%D0%BC%D0%BE%D0%BD	мон	Datacom Co.,Ltd	21/06/2012
https://dmns.app/tlds/%D0%BC%D0%BE%D1%81%D0%BA%D0%B2%D0%B0	москва	Foundation for Assistance for Internet Technologies and Infrastructure Development (FAITID)	17/04/2014
https://dmns.app/tlds/%D0%BE%D0%BD%D0%BB%D0%B0%D0%B9%D0%BD	онлайн	CORE Association	21/10/2013
https://dmns.app/tlds/%D0%BE%D1%80%D0%B3	орг	Public Interest Registry	27/02/2014
https://dmns.app/tlds/%D1%80%D1%83%D1%81	рус	Rusnames Limited	03/07/2014
https://dmns.app/tlds/%D1%80%D1%84	рф	Coordination Center for TLD RU	12/05/2010
https://dmns.app/tlds/%D1%81%D0%B0%D0%B9%D1%82	сайт	CORE Association	21/10/2013
https://dmns.app/tlds/%D1%81%D1%80%D0%B1	срб	Serbian National Internet Domain Registry (RNIDS)	05/02/2011
https://dmns.app/tlds/%D1%83%D0%BA%D1%80	укр	Ukrainian Network Information Centre (UANIC), Inc.	01/03/2011
https://dmns.app/tlds/%D2%9B%D0%B0%D0%B7	қаз	Association of IT Companies of Kazakhstan	15/09/2011
https://dmns.app/tlds/%D5%B0%D5%A1%D5%B5	հայ	"""Internet Society"" Non-governmental Organization"	26/11/2014
https://dmns.app/tlds/%D7%99%D7%A9%D7%A8%D7%90%D7%9C	ישראל	The Israel Internet Association (RA)	16/06/2020
https://dmns.app/tlds/%D7%A7%D7%95%D7%9D	קום	VeriSign Sarl	02/07/2015
https://dmns.app/tlds/%D8%A7%D8%A8%D9%88%D8%B8%D8%A8%D9%8A	ابوظبي	Abu Dhabi Systems and Information Centre	03/03/2016
https://dmns.app/tlds/%D8%A7%D8%B1%D8%A7%D9%85%D9%83%D9%88	ارامكو	Aramco Services Company	20/08/2015
https://dmns.app/tlds/%D8%A7%D9%84%D8%A7%D8%B1%D8%AF%D9%86	الاردن	Ministry of Digital Economy and Entrepreneurship (MoDEE)	20/08/2010
https://dmns.app/tlds/%D8%A7%D9%84%D8%A8%D8%AD%D8%B1%D9%8A%D9%86	البحرين	Telecommunications Regulatory Authority (TRA)	13/06/2019
https://dmns.app/tlds/%D8%A7%D9%84%D8%AC%D8%B2%D8%A7%D8%A6%D8%B1	الجزائر	CERIST	05/02/2011
https://dmns.app/tlds/%D8%A7%D9%84%D8%B3%D8%B9%D9%88%D8%AF%D9%8A%D8%A9	السعودية	Communications, Space and Technology Commission	05/05/2010
https://dmns.app/tlds/%D8%A7%D9%84%D8%B9%D9%84%D9%8A%D8%A7%D9%86	العليان	Competrol (Luxembourg) Sarl	21/04/2016
https://dmns.app/tlds/%D8%A7%D9%84%D9%85%D8%BA%D8%B1%D8%A8	المغرب	Agence Nationale de Réglementation des Télécommunications (ANRT)	05/02/2011
https://dmns.app/tlds/%D8%A7%D9%85%D8%A7%D8%B1%D8%A7%D8%AA	امارات	Telecommunications and Digital Government Regulatory Authority (TDRA)	05/05/2010
https://dmns.app/tlds/%D8%A7%DB%8C%D8%B1%D8%A7%D9%86	ایران	Institute for Research in Fundamental Sciences (IPM)	05/02/2011
https://dmns.app/tlds/%D8%A8%D8%A7%D8%B1%D8%AA	بارت	National Internet eXchange of India	15/08/2016
https://dmns.app/tlds/%D8%A8%D8%A7%D8%B2%D8%A7%D8%B1	بازار	CORE Association	06/02/2014
https://dmns.app/tlds/%D8%A8%D9%8A%D8%AA%D9%83	بيتك	Kuwait Finance House	29/10/2015
https://dmns.app/tlds/%D8%A8%DA%BE%D8%A7%D8%B1%D8%AA	بھارت	National Internet Exchange of India	05/02/2011
https://dmns.app/tlds/%D8%AA%D9%88%D9%86%D8%B3	تونس	Agence Tunisienne d'Internet	19/08/2010
https://dmns.app/tlds/%D8%B3%D9%88%D8%AF%D8%A7%D9%86	سودان	Sudan Internet Society	20/11/2012
https://dmns.app/tlds/%D8%B3%D9%88%D8%B1%D9%8A%D8%A9	سورية	National Authority for Information Technology Services (NAITS)	05/02/2011
https://dmns.app/tlds/%D8%B4%D8%A8%D9%83%D8%A9	شبكة	International Domain Registry Pty. Ltd.	21/10/2013
https://dmns.app/tlds/%D8%B9%D8%B1%D8%A7%D9%82	عراق	Communications and Media Commission (CMC)	29/09/2014
https://dmns.app/tlds/%D8%B9%D8%B1%D8%A8	عرب	League of Arab States	11/05/2017
https://dmns.app/tlds/%D8%B9%D9%85%D8%A7%D9%86	عمان	Telecommunications Regulatory Authority (TRA)	05/02/2011
https://dmns.app/tlds/%D9%81%D9%84%D8%B3%D8%B7%D9%8A%D9%86	فلسطين	Ministry of Telecom & Information Technology (MTIT)	20/08/2010
https://dmns.app/tlds/%D9%82%D8%B7%D8%B1	قطر	Communications Regulatory Authority	24/12/2010
https://dmns.app/tlds/%D9%83%D8%A7%D8%AB%D9%88%D9%84%D9%8A%D9%83	كاثوليك	Pontificium Consilium de Comunicationibus Socialibus (PCCS) (Pontifical Council for Social Communication)	16/11/2016
https://dmns.app/tlds/%D9%83%D9%88%D9%85	كوم	VeriSign Sarl	02/07/2015
https://dmns.app/tlds/%D9%85%D8%B5%D8%B1	مصر	National Telecommunication Regulatory Authority - NTRA	05/05/2010
https://dmns.app/tlds/%D9%85%D9%84%D9%8A%D8%B3%D9%8A%D8%A7	مليسيا	MYNIC Berhad	22/10/2011
https://dmns.app/tlds/%D9%85%D9%88%D8%B1%D9%8A%D8%AA%D8%A7%D9%86%D9%8A%D8%A7	موريتانيا	Université de Nouakchott Al Aasriya	28/11/2017
https://dmns.app/tlds/%D9%85%D9%88%D9%82%D8%B9	موقع	Helium TLDs Ltd	15/05/2014
https://dmns.app/tlds/%D9%87%D9%85%D8%B1%D8%A7%D9%87	همراه	Emergency Back-End Registry Operator Program - ICANN	25/11/2015
https://dmns.app/tlds/%D9%BE%D8%A7%DA%A9%D8%B3%D8%AA%D8%A7%D9%86	پاکستان	National Telecommunication Corporation	28/02/2011
https://dmns.app/tlds/%DA%80%D8%A7%D8%B1%D8%AA	ڀارت	National Internet eXchange of India	15/08/2016
https://dmns.app/tlds/%E0%A4%95%E0%A5%89%E0%A4%AE	कॉम	VeriSign Sarl	02/07/2015
https://dmns.app/tlds/%E0%A4%A8%E0%A5%87%E0%A4%9F	नेट	VeriSign Sarl	02/07/2015
https://dmns.app/tlds/%E0%A4%AD%E0%A4%BE%E0%A4%B0%E0%A4%A4	भारत	National Internet Exchange of India	05/02/2011
https://dmns.app/tlds/%E0%A4%AD%E0%A4%BE%E0%A4%B0%E0%A4%A4%E0%A4%AE%E0%A5%8D	भारतम्	National Internet eXchange of India	15/08/2016
https://dmns.app/tlds/%E0%A4%AD%E0%A4%BE%E0%A4%B0%E0%A5%8B%E0%A4%A4	भारोत	National Internet eXchange of India	15/08/2016
https://dmns.app/tlds/%E0%A4%B8%E0%A4%82%E0%A4%97%E0%A4%A0%E0%A4%A8	संगठन	Public Interest Registry	27/02/2014
https://dmns.app/tlds/%E0%A6%AC%E0%A6%BE%E0%A6%82%E0%A6%B2%E0%A6%BE	বাংলা	Posts and Telecommunications Division	30/03/2011
https://dmns.app/tlds/%E0%A6%AD%E0%A6%BE%E0%A6%B0%E0%A6%A4	ভারত	National Internet Exchange of India	05/02/2011
https://dmns.app/tlds/%E0%A6%AD%E0%A6%BE%E0%A7%B0%E0%A6%A4	ভাৰত	National Internet eXchange of India	18/04/2016
https://dmns.app/tlds/%E0%A8%AD%E0%A8%BE%E0%A8%B0%E0%A8%A4	ਭਾਰਤ	National Internet Exchange of India	05/02/2011
https://dmns.app/tlds/%E0%AA%AD%E0%AA%BE%E0%AA%B0%E0%AA%A4	ભારત	National Internet Exchange of India	05/02/2011
https://dmns.app/tlds/%E0%AC%AD%E0%AC%BE%E0%AC%B0%E0%AC%A4	ଭାରତ	National Internet eXchange of India	18/04/2016
https://dmns.app/tlds/%E0%AE%87%E0%AE%A8%E0%AF%8D%E0%AE%A4%E0%AE%BF%E0%AE%AF%E0%AE%BE	இந்தியா	National Internet Exchange of India	05/02/2011
https://dmns.app/tlds/%E0%AE%87%E0%AE%B2%E0%AE%99%E0%AF%8D%E0%AE%95%E0%AF%88	இலங்கை	LK Domain Registry	19/08/2010
https://dmns.app/tlds/%E0%AE%9A%E0%AE%BF%E0%AE%99%E0%AF%8D%E0%AE%95%E0%AE%AA%E0%AF%8D%E0%AE%AA%E0%AF%82%E0%AE%B0%E0%AF%8D	சிங்கப்பூர்	Singapore Network Information Centre (SGNIC) Pte Ltd	05/02/2011
https://dmns.app/tlds/%E0%B0%AD%E0%B0%BE%E0%B0%B0%E0%B0%A4%E0%B1%8D	భారత్	National Internet Exchange of India	05/02/2011
https://dmns.app/tlds/%E0%B2%AD%E0%B2%BE%E0%B2%B0%E0%B2%A4	ಭಾರತ	National Internet eXchange of India	18/04/2016
https://dmns.app/tlds/%E0%B4%AD%E0%B4%BE%E0%B4%B0%E0%B4%A4%E0%B4%82	ഭാരതം	National Internet eXchange of India	18/04/2016
https://dmns.app/tlds/%E0%B6%BD%E0%B6%82%E0%B6%9A%E0%B7%8F	ලංකා	LK Domain Registry	19/08/2010
https://dmns.app/tlds/%E0%B8%84%E0%B8%AD%E0%B8%A1	คอม	VeriSign Sarl	02/07/2015
https://dmns.app/tlds/%E0%B9%84%E0%B8%97%E0%B8%A2	ไทย	Thai Network Information Center Foundation	19/08/2010
https://dmns.app/tlds/%E0%BA%A5%E0%BA%B2%E0%BA%A7	ລາວ	Lao National Internet Center (LANIC), Ministry of Technology and Communications	10/06/2019
https://dmns.app/tlds/%E1%83%92%E1%83%94	გე	Information Technologies Development Center (ITDC)	11/02/2011
https://dmns.app/tlds/%E3%81%BF%E3%82%93%E3%81%AA	みんな	Charleston Road Registry Inc.	13/11/2013
https://dmns.app/tlds/%E3%82%A2%E3%83%9E%E3%82%BE%E3%83%B3	アマゾン	Amazon Registry Services, Inc.	28/05/2020
https://dmns.app/tlds/%E3%82%AF%E3%83%A9%E3%82%A6%E3%83%89	クラウド	Amazon Registry Services, Inc.	29/01/2016
https://dmns.app/tlds/%E3%82%B0%E3%83%BC%E3%82%B0%E3%83%AB	グーグル	Charleston Road Registry Inc.	09/10/2014
https://dmns.app/tlds/%E3%82%B3%E3%83%A0	コム	VeriSign Sarl	02/07/2015
https://dmns.app/tlds/%E3%82%B9%E3%83%88%E3%82%A2	ストア	Amazon Registry Services, Inc.	29/01/2016
https://dmns.app/tlds/%E3%82%BB%E3%83%BC%E3%83%AB	セール	Amazon Registry Services, Inc.	29/01/2016
https://dmns.app/tlds/%E3%83%95%E3%82%A1%E3%83%83%E3%82%B7%E3%83%A7%E3%83%B3	ファッション	Amazon Registry Services, Inc.	29/01/2016
https://dmns.app/tlds/%E3%83%9D%E3%82%A4%E3%83%B3%E3%83%88	ポイント	Amazon Registry Services, Inc.	25/11/2015
https://dmns.app/tlds/%E4%B8%96%E7%95%8C	世界	Stable Tone Limited	06/03/2014
https://dmns.app/tlds/%E4%B8%AD%E4%BF%A1	中信	CITIC Group Corporation	09/01/2014
https://dmns.app/tlds/%E4%B8%AD%E5%9B%BD	中国	China Internet Network Information Center (CNNIC)	09/07/2010
https://dmns.app/tlds/%E4%B8%AD%E5%9C%8B	中國	China Internet Network Information Center (CNNIC)	09/07/2010
https://dmns.app/tlds/%E4%B8%AD%E6%96%87%E7%BD%91	中文网	Beijing TLD Registry Technology Limited	19/12/2013
https://dmns.app/tlds/%E4%BA%9A%E9%A9%AC%E9%80%8A	亚马逊	Amazon Registry Services, Inc.	28/05/2020
https://dmns.app/tlds/%E4%BC%81%E4%B8%9A	企业	Binky Moon, LLC	25/11/2013
https://dmns.app/tlds/%E4%BD%9B%E5%B1%B1	佛山	Guangzhou YU Wei Information Technology Co., Ltd.	17/07/2014
https://dmns.app/tlds/%E4%BF%A1%E6%81%AF	信息	Beijing Tele-info Technology Co., Ltd.	05/02/2015
https://dmns.app/tlds/%E5%81%A5%E5%BA%B7	健康	Stable Tone Limited	12/03/2015
https://dmns.app/tlds/%E5%85%AB%E5%8D%A6	八卦	Zodiac Gemini Ltd	06/11/2014
https://dmns.app/tlds/%E5%85%AC%E5%8F%B8	公司	China Internet Network Information Center (CNNIC)	09/01/2014
https://dmns.app/tlds/%E5%85%AC%E7%9B%8A	公益	China Organizational Name Administration Center	12/12/2013
https://dmns.app/tlds/%E5%8F%B0%E6%B9%BE	台湾	Taiwan Network Information Center (TWNIC)	14/07/2010
https://dmns.app/tlds/%E5%8F%B0%E7%81%A3	台灣	Taiwan Network Information Center (TWNIC)	14/07/2010
https://dmns.app/tlds/%E5%95%86%E5%9F%8E	商城	Zodiac Aquarius Limited	27/02/2014
https://dmns.app/tlds/%E5%95%86%E5%BA%97	商店	Binky Moon, LLC	20/11/2014
https://dmns.app/tlds/%E5%95%86%E6%A0%87	商标	Internet DotTrademark Organisation Limited	08/05/2014
https://dmns.app/tlds/%E5%98%89%E9%87%8C	嘉里	Kerry Trading Co. Limited	05/02/2016
https://dmns.app/tlds/%E5%98%89%E9%87%8C%E5%A4%A7%E9%85%92%E5%BA%97	嘉里大酒店	Kerry Trading Co. Limited	05/02/2016
https://dmns.app/tlds/%E5%9C%A8%E7%BA%BF	在线	Beijing TLD Registry Technology Limited	19/12/2013
https://dmns.app/tlds/%E5%A4%A7%E6%8B%BF	大拿	VeriSign Sarl	02/07/2015
https://dmns.app/tlds/%E5%A4%A9%E4%B8%BB%E6%95%99	天主教	Pontificium Consilium de Comunicationibus Socialibus (PCCS) (Pontifical Council for Social Communication)	16/11/2016
https://dmns.app/tlds/%E5%A8%B1%E4%B9%90	娱乐	Binky Moon, LLC	17/07/2014
https://dmns.app/tlds/%E5%AE%B6%E9%9B%BB	家電	Amazon Registry Services, Inc.	18/03/2016
https://dmns.app/tlds/%E5%B9%BF%E4%B8%9C	广东	Guangzhou YU Wei Information Technology Co., Ltd.	24/07/2014
https://dmns.app/tlds/%E5%BE%AE%E5%8D%9A	微博	Sina Corporation	29/02/2016
https://dmns.app/tlds/%E6%85%88%E5%96%84	慈善	Excellent First Limited	12/03/2015
https://dmns.app/tlds/%E6%88%91%E7%88%B1%E4%BD%A0	我爱你	Tycoon Treasure Limited	12/12/2013
https://dmns.app/tlds/%E6%89%8B%E6%9C%BA	手机	Beijing RITT-Net Technology Development Co., Ltd	05/06/2014
https://dmns.app/tlds/%E6%8B%9B%E8%81%98	招聘	Jiang Yu Liang Cai Technology Company Limited	21/12/2017
https://dmns.app/tlds/%E6%94%BF%E5%8A%A1	政务	China Organizational Name Administration Center	12/12/2013
https://dmns.app/tlds/%E6%94%BF%E5%BA%9C	政府	Net-Chinese Co., Ltd.	08/01/2015
https://dmns.app/tlds/%E6%96%B0%E5%8A%A0%E5%9D%A1	新加坡	Singapore Network Information Centre (SGNIC) Pte Ltd	05/02/2011
https://dmns.app/tlds/%E6%96%B0%E9%97%BB	新闻	Guangzhou YU Wei Information and Technology Co.,Ltd	06/08/2015
https://dmns.app/tlds/%E6%97%B6%E5%B0%9A	时尚	RISE VICTORY LIMITED	12/03/2015
https://dmns.app/tlds/%E6%9B%B8%E7%B1%8D	書籍	Amazon Registry Services, Inc.	29/01/2016
https://dmns.app/tlds/%E6%9C%BA%E6%9E%84	机构	Public Interest Registry	27/02/2014
https://dmns.app/tlds/%E6%B7%A1%E9%A9%AC%E9%94%A1	淡马锡	Temasek Holdings (Private) Limited	18/12/2014
https://dmns.app/tlds/%E6%B8%B8%E6%88%8F	游戏	Binky Moon, LLC	21/10/2013
https://dmns.app/tlds/%E6%BE%B3%E9%96%80	澳門	Macao Post and Telecommunications Bureau (CTT)	21/04/2015
https://dmns.app/tlds/%E7%82%B9%E7%9C%8B	点看	VeriSign Sarl	02/07/2015
https://dmns.app/tlds/%E7%A7%BB%E5%8A%A8	移动	Identity Digital Limited	23/01/2014
https://dmns.app/tlds/%E7%BB%84%E7%BB%87%E6%9C%BA%E6%9E%84	组织机构	Public Interest Registry	27/02/2014
https://dmns.app/tlds/%E7%BD%91%E5%9D%80	网址	KNET Co., Ltd	13/03/2014
https://dmns.app/tlds/%E7%BD%91%E5%BA%97	网店	Zodiac Taurus Ltd.	20/11/2014
https://dmns.app/tlds/%E7%BD%91%E7%AB%99	网站	Global Website TLD Asia Limited	04/12/2015
https://dmns.app/tlds/%E7%BD%91%E7%BB%9C	网络	China Internet Network Information Center (CNNIC)	09/01/2014
https://dmns.app/tlds/%E8%81%94%E9%80%9A	联通	China United Network Communications Corporation Limited	10/12/2015
https://dmns.app/tlds/%E8%B0%B7%E6%AD%8C	谷歌	Charleston Road Registry Inc.	09/10/2014
https://dmns.app/tlds/%E8%B4%AD%E7%89%A9	购物	Nawang Heli(Xiamen) Network Service Co., LTD.	08/01/2016
https://dmns.app/tlds/%E9%80%9A%E8%B2%A9	通販	Amazon Registry Services, Inc.	16/09/2016
https://dmns.app/tlds/%E9%9B%86%E5%9B%A2	集团	Eagle Horizon Limited	12/12/2013
https://dmns.app/tlds/%E9%9B%BB%E8%A8%8A%E7%9B%88%E7%A7%91	電訊盈科	PCCW Enterprises Limited	15/04/2016
https://dmns.app/tlds/%E9%A3%9E%E5%88%A9%E6%B5%A6	飞利浦	Koninklijke Philips N.V.	13/02/2015
https://dmns.app/tlds/%E9%A3%9F%E5%93%81	食品	Amazon Registry Services, Inc.	29/01/2016
https://dmns.app/tlds/%E9%A4%90%E5%8E%85	餐厅	Internet DotTrademark Organisation Limited	08/05/2015
https://dmns.app/tlds/%E9%A6%99%E6%A0%BC%E9%87%8C%E6%8B%89	香格里拉	Shangri-La International Hotel Management Limited	24/06/2016
https://dmns.app/tlds/%E9%A6%99%E6%B8%AF	香港	Hong Kong Internet Registration Corporation Ltd.	12/07/2010
https://dmns.app/tlds/%EB%8B%B7%EB%84%B7	닷넷	VeriSign Sarl	02/07/2015
https://dmns.app/tlds/%EB%8B%B7%EC%BB%B4	닷컴	VeriSign Sarl	02/07/2015
https://dmns.app/tlds/%EC%82%BC%EC%84%B1	삼성	SAMSUNG SDS CO., LTD	12/12/2013
https://dmns.app/tlds/%ED%95%9C%EA%B5%AD	한국	KISA (Korea Internet & Security Agency)	05/02/2011
https://dmns.app/tlds/py	py	NIC-PY	09/09/1991
https://dmns.app/tlds/qa	qa	Communications Regulatory Authority	12/06/1996
https://dmns.app/tlds/qpon	qpon	DOTQPON LLC.	09/01/2014
https://dmns.app/tlds/quebec	quebec	PointQuébec Inc	13/03/2014
https://dmns.app/tlds/quest	quest	XYZ.COM LLC	06/08/2015
https://dmns.app/tlds/racing	racing	Premier Registry Limited	26/03/2015
https://dmns.app/tlds/radio	radio	European Broadcasting Union (EBU)	22/09/2016
https://dmns.app/tlds/re	re	Association Française pour le Nommage Internet en Coopération (A.F.N.I.C.)	07/04/1997
https://dmns.app/tlds/read	read	Amazon Registry Services, Inc.	12/11/2015
https://dmns.app/tlds/realestate	realestate	dotRealEstate LLC	28/04/2016
https://dmns.app/tlds/realtor	realtor	Real Estate Domains LLC	24/07/2014
https://dmns.app/tlds/realty	realty	Internet Naming Co.	11/06/2015
https://dmns.app/tlds/recipes	recipes	Binky Moon, LLC	12/12/2013
https://dmns.app/tlds/red	red	Identity Digital Limited	16/01/2014
https://dmns.app/tlds/redstone	redstone	Redstone Haute Couture Co., Ltd.	06/03/2015
https://dmns.app/tlds/redumbrella	redumbrella	Travelers TLD, LLC	20/11/2015
https://dmns.app/tlds/rehab	rehab	Dog Beach, LLC	29/05/2014
https://dmns.app/tlds/reise	reise	Binky Moon, LLC	15/05/2014
https://dmns.app/tlds/reisen	reisen	Binky Moon, LLC	03/04/2014
https://dmns.app/tlds/reit	reit	National Association of Real Estate Investment Trusts, Inc.	23/10/2014
https://dmns.app/tlds/reliance	reliance	Reliance Industries Limited	11/08/2016
https://dmns.app/tlds/ren	ren	ZDNS International Limited	28/02/2014
https://dmns.app/tlds/rent	rent	XYZ.COM LLC	02/04/2015
https://dmns.app/tlds/rentals	rentals	Binky Moon, LLC	30/01/2014
https://dmns.app/tlds/repair	repair	Binky Moon, LLC	19/12/2013
https://dmns.app/tlds/report	report	Binky Moon, LLC	30/01/2014
https://dmns.app/tlds/republican	republican	Dog Beach, LLC	29/05/2014
https://dmns.app/tlds/rest	rest	Punto 2012 Sociedad Anonima Promotora de Inversion de Capital Variable	06/03/2014
https://dmns.app/tlds/restaurant	restaurant	Binky Moon, LLC	31/07/2014
https://dmns.app/tlds/review	review	dot Review Limited	05/02/2015
https://dmns.app/tlds/reviews	reviews	Dog Beach, LLC	06/02/2014
https://dmns.app/tlds/rexroth	rexroth	Robert Bosch GMBH	17/12/2015
https://dmns.app/tlds/rich	rich	iRegistry GmbH	16/01/2014
https://dmns.app/tlds/richardli	richardli	Pacific Century Asset Management (HK) Limited	15/04/2016
https://dmns.app/tlds/ricoh	ricoh	Ricoh Company, Ltd.	06/03/2015
https://dmns.app/tlds/ril	ril	Reliance Industries Limited	11/08/2016
https://dmns.app/tlds/rio	rio	Empresa Municipal de Informática SA - IPLANRIO	15/05/2014
https://dmns.app/tlds/rip	rip	Dog Beach, LLC	09/10/2014
https://dmns.app/tlds/ro	ro	National Institute for R&D in Informatics	26/02/1993
https://dmns.app/tlds/rocks	rocks	Dog Beach, LLC	16/01/2014
https://dmns.app/tlds/rodeo	rodeo	Registry Services, LLC	28/02/2014
https://dmns.app/tlds/rogers	rogers	Rogers Communications Canada Inc.	18/08/2016
https://dmns.app/tlds/room	room	Amazon Registry Services, Inc.	12/11/2015
https://dmns.app/tlds/rs	rs	Serbian National Internet Domain Registry (RNIDS)	24/09/2007
https://dmns.app/tlds/rsvp	rsvp	Charleston Road Registry Inc.	23/08/2014
https://dmns.app/tlds/rugby	rugby	World Rugby Strategic Developments Limited	23/03/2017
https://dmns.app/tlds/ruhr	ruhr	dotSaarland GmbH	25/11/2013
https://dmns.app/tlds/run	run	Binky Moon, LLC	30/04/2015
https://dmns.app/tlds/rw	rw	Rwanda Internet Community and Technology  Alliance (RICTA) Ltd	21/10/1996
https://dmns.app/tlds/rwe	rwe	RWE AG	01/10/2015
https://dmns.app/tlds/ryukyu	ryukyu	BRregistry, Inc.	13/03/2014
https://dmns.app/tlds/sa	sa	Communications, Space and Technology Commission	17/05/1994
https://dmns.app/tlds/saarland	saarland	dotSaarland GmbH	20/03/2014
https://dmns.app/tlds/safe	safe	Amazon Registry Services, Inc.	12/11/2015
https://dmns.app/tlds/safety	safety	Safety Registry Services, LLC.	23/04/2015
https://dmns.app/tlds/sakura	sakura	SAKURA internet Inc.	04/06/2015
https://dmns.app/tlds/sale	sale	Dog Beach, LLC	17/12/2014
https://dmns.app/tlds/salon	salon	Binky Moon, LLC	12/11/2015
https://dmns.app/tlds/samsclub	samsclub	Wal-Mart Stores, Inc.	21/07/2016
https://dmns.app/tlds/samsung	samsung	SAMSUNG SDS CO., LTD	30/10/2014
https://dmns.app/tlds/sandvik	sandvik	Sandvik AB	14/05/2015
https://dmns.app/tlds/sandvikcoromant	sandvikcoromant	Sandvik AB	14/05/2015
https://dmns.app/tlds/sanofi	sanofi	Sanofi	16/07/2015
https://dmns.app/tlds/sap	sap	SAP AG	19/03/2015
https://dmns.app/tlds/sarl	sarl	Binky Moon, LLC	31/07/2014
https://dmns.app/tlds/sas	sas	Research IP LLC	20/11/2015
https://dmns.app/tlds/save	save	Amazon Registry Services, Inc.	19/05/2016
https://dmns.app/tlds/saxo	saxo	Saxo Bank A/S	15/01/2015
https://dmns.app/tlds/sb	sb	Solomon Telekom Company Limited	19/04/1994
https://dmns.app/tlds/sbi	sbi	STATE BANK OF INDIA	24/03/2016
https://dmns.app/tlds/sbs	sbs	Shortdot SA	24/09/2015
https://dmns.app/tlds/sc	sc	VCS Pty Ltd	09/05/1997
https://dmns.app/tlds/scb	scb	"The Siam Commercial Bank Public Company Limited (""SCB"")"	26/06/2014
https://dmns.app/tlds/schaeffler	schaeffler	Schaeffler Technologies AG & Co. KG	17/12/2015
https://dmns.app/tlds/schmidt	schmidt	SCHMIDT GROUPE S.A.S.	19/06/2014
https://dmns.app/tlds/scholarships	scholarships	Scholarships.com, LLC	10/07/2014
https://dmns.app/tlds/school	school	Binky Moon, LLC	13/02/2015
https://dmns.app/tlds/schule	schule	Binky Moon, LLC	11/04/2014
https://dmns.app/tlds/schwarz	schwarz	Schwarz Domains und Services GmbH & Co. KG	04/12/2014
https://dmns.app/tlds/science	science	dot Science Limited	23/10/2014
https://dmns.app/tlds/scot	scot	Dot Scot Registry Limited	05/06/2014
https://dmns.app/tlds/sd	sd	Sudan Internet Society	06/03/1997
https://dmns.app/tlds/se	se	The Internet Infrastructure Foundation	04/09/1986
https://dmns.app/tlds/search	search	Charleston Road Registry Inc.	08/06/2017
https://dmns.app/tlds/seat	seat	SEAT, S.A. (Sociedad Unipersonal)	06/03/2015
https://dmns.app/tlds/secure	secure	Amazon Registry Services, Inc.	21/07/2016
https://dmns.app/tlds/security	security	XYZ.COM LLC	03/09/2015
https://dmns.app/tlds/seek	seek	Seek Limited	16/04/2015
https://dmns.app/tlds/select	select	Registry Services, LLC	23/12/2015
https://dmns.app/tlds/sener	sener	Sener Ingeniería y Sistemas, S.A.	02/04/2015
https://dmns.app/tlds/services	services	Binky Moon, LLC	03/04/2014
https://dmns.app/tlds/seven	seven	Seven West Media Ltd	23/09/2015
https://dmns.app/tlds/sew	sew	SEW-EURODRIVE GmbH & Co KG	06/11/2014
https://dmns.app/tlds/sex	sex	ICM Registry SX LLC	09/04/2015
https://dmns.app/tlds/sexy	sexy	Internet Naming Co.	08/11/2013
https://dmns.app/tlds/sfr	sfr	Societe Francaise du Radiotelephone - SFR	12/11/2015
https://dmns.app/tlds/sg	sg	Singapore Network Information Centre (SGNIC) Pte Ltd	19/10/1988
https://dmns.app/tlds/sh	sh	Government of St. Helena	23/09/1997
https://dmns.app/tlds/shangrila	shangrila	Shangri-La International Hotel Management Limited	24/06/2016
https://dmns.app/tlds/sharp	sharp	Sharp Corporation	25/11/2015
https://dmns.app/tlds/shell	shell	Shell Information Technology International Inc	06/11/2015
https://dmns.app/tlds/shia	shia	Emergency Back-End Registry Operator Program - ICANN	25/11/2015
https://dmns.app/tlds/shiksha	shiksha	Identity Digital Limited	16/01/2014
https://dmns.app/tlds/shoes	shoes	Binky Moon, LLC	12/12/2013
https://dmns.app/tlds/shopping	shopping	Binky Moon, LLC	08/06/2016
https://dmns.app/tlds/shouji	shouji	Beijing Qihu Keji Co., Ltd.	18/03/2016
https://dmns.app/tlds/show	show	Binky Moon, LLC	09/04/2015
https://dmns.app/tlds/si	si	Academic and Research Network of Slovenia (ARNES)	01/04/1992
https://dmns.app/tlds/silk	silk	Amazon Registry Services, Inc.	19/05/2016
https://dmns.app/tlds/sina	sina	Sina Corporation	29/02/2016
https://dmns.app/tlds/singles	singles	Binky Moon, LLC	31/10/2013
https://dmns.app/tlds/sj	sj	Norid A/S	21/08/1997
https://dmns.app/tlds/sk	sk	SK-NIC, a.s.	29/03/1993
https://dmns.app/tlds/ski	ski	Identity Digital Limited	14/05/2015
https://dmns.app/tlds/skin	skin	XYZ.COM LLC	23/12/2015
https://dmns.app/tlds/sky	sky	Sky UK Limited	02/10/2014
https://dmns.app/tlds/skype	skype	Microsoft Corporation	19/03/2015
https://dmns.app/tlds/sl	sl	Sierratel	09/05/1997
https://dmns.app/tlds/sling	sling	DISH Technologies L.L.C.	04/08/2016
https://dmns.app/tlds/sm	sm	Telecom Italia San Marino S.p.A.	16/08/1995
https://dmns.app/tlds/smart	smart	Smart Communications, Inc. (SMART)	21/04/2016
https://dmns.app/tlds/smile	smile	Amazon Registry Services, Inc.	12/11/2015
https://dmns.app/tlds/sn	sn	Universite Cheikh Anta Diop	19/03/1993
https://dmns.app/tlds/sncf	sncf	Société Nationale SNCF	08/05/2015
https://dmns.app/tlds/so	so	Ministry of Post and Telecommunications	28/08/1997
https://dmns.app/tlds/soccer	soccer	Binky Moon, LLC	08/05/2015
https://dmns.app/tlds/social	social	Dog Beach, LLC	09/01/2014
https://dmns.app/tlds/softbank	softbank	SoftBank Group Corp.	23/12/2015
https://dmns.app/tlds/software	software	Dog Beach, LLC	22/05/2014
https://dmns.app/tlds/sohu	sohu	Sohu.com Limited	27/02/2014
https://dmns.app/tlds/solar	solar	Binky Moon, LLC	19/12/2013
https://dmns.app/tlds/solutions	solutions	Binky Moon, LLC	19/12/2013
https://dmns.app/tlds/song	song	Amazon Registry Services, Inc.	29/01/2016
https://dmns.app/tlds/sony	sony	Sony Corporation	06/03/2015
https://dmns.app/tlds/soy	soy	Charleston Road Registry Inc.	20/03/2014
https://dmns.app/tlds/spa	spa	Asia Spa and Wellness Promotion Council Limited	25/09/2020
https://dmns.app/tlds/space	space	Radix Technologies Inc.	22/05/2014
https://dmns.app/tlds/sport	sport	SportAccord	05/01/2018
https://dmns.app/tlds/spot	spot	Amazon Registry Services, Inc.	29/01/2016
https://dmns.app/tlds/sr	sr	Telesur	03/09/1991
https://dmns.app/tlds/srl	srl	InterNetX Corp.	09/07/2015
https://dmns.app/tlds/ss	ss	National Communication Authority (NCA)	31/08/2011
https://dmns.app/tlds/st	st	Tecnisys	07/11/1997
https://dmns.app/tlds/stada	stada	STADA Arzneimittel AG	13/08/2015
https://dmns.app/tlds/staples	staples	Staples, Inc.	09/06/2016
https://dmns.app/tlds/star	star	Star India Private Limited	10/12/2015
https://dmns.app/tlds/statebank	statebank	STATE BANK OF INDIA	24/03/2016
https://dmns.app/tlds/statefarm	statefarm	State Farm Mutual Automobile Insurance Company	06/11/2015
https://dmns.app/tlds/stc	stc	Saudi Telecom Company	20/08/2015
https://dmns.app/tlds/stcgroup	stcgroup	Saudi Telecom Company	20/08/2015
https://dmns.app/tlds/stockholm	stockholm	Stockholms kommun	17/09/2015
https://dmns.app/tlds/storage	storage	XYZ.COM LLC	10/12/2015
https://dmns.app/tlds/stream	stream	dot Stream Limited	26/02/2016
https://dmns.app/tlds/studio	studio	Dog Beach, LLC	25/06/2015
https://dmns.app/tlds/study	study	Registry Services, LLC	19/02/2015
https://dmns.app/tlds/style	style	Binky Moon, LLC	29/01/2015
https://dmns.app/tlds/su	su	Russian Institute for Development of Public Networks (ROSNIIROS)	19/09/1990
https://dmns.app/tlds/sucks	sucks	Vox Populi Registry Ltd.	19/02/2015
https://dmns.app/tlds/supplies	supplies	Binky Moon, LLC	13/02/2014
https://dmns.app/tlds/supply	supply	Binky Moon, LLC	13/02/2014
https://dmns.app/tlds/support	support	Binky Moon, LLC	12/12/2013
https://dmns.app/tlds/surf	surf	Registry Services, LLC	13/03/2014
https://dmns.app/tlds/surgery	surgery	Binky Moon, LLC	17/04/2014
https://dmns.app/tlds/suzuki	suzuki	SUZUKI MOTOR CORPORATION	26/06/2014
https://dmns.app/tlds/sv	sv	SVNet	04/11/1994
https://dmns.app/tlds/swatch	swatch	The Swatch Group Ltd	23/04/2015
https://dmns.app/tlds/swiss	swiss	Swiss Confederation	16/04/2015
https://dmns.app/tlds/sx	sx	SX Registry SA B.V.	20/12/2010
https://dmns.app/tlds/sy	sy	National Authority for Information Technology Services (NAITS)	20/02/1996
https://dmns.app/tlds/sydney	sydney	State of New South Wales, Department of Premier and Cabinet	30/10/2014
https://dmns.app/tlds/systems	systems	Binky Moon, LLC	12/12/2013
https://dmns.app/tlds/sz	sz	"University of Swaziland
Department of Computer Science"	19/07/1993
https://dmns.app/tlds/tab	tab	Tabcorp Holdings Limited	04/09/2015
https://dmns.app/tlds/taipei	taipei	Taipei City Government	25/09/2014
https://dmns.app/tlds/talk	talk	Amazon Registry Services, Inc.	18/03/2016
https://dmns.app/tlds/taobao	taobao	Alibaba Group Holding Limited	08/01/2016
https://dmns.app/tlds/target	target	Target Domain Holdings, LLC	21/07/2016
https://dmns.app/tlds/tatamotors	tatamotors	Tata Motors Ltd	16/07/2015
https://dmns.app/tlds/tatar	tatar	"Limited Liability Company ""Coordination Center of Regional Domain of Tatarstan Republic"""	03/07/2014
https://dmns.app/tlds/tattoo	tattoo	Registry Services, LLC	08/11/2013
https://dmns.app/tlds/tax	tax	Binky Moon, LLC	17/04/2014
https://dmns.app/tlds/taxi	taxi	Binky Moon, LLC	30/04/2015
https://dmns.app/tlds/tc	tc	Melrex TC	27/01/1997
https://dmns.app/tlds/tci	tci	Emergency Back-End Registry Operator Program - ICANN	25/11/2015
https://dmns.app/tlds/td	td	l'Agence de Développement des Technologies de l'Information et de la Communication (ADETIC)	03/11/1997
https://dmns.app/tlds/tdk	tdk	TDK Corporation	10/03/2016
https://dmns.app/tlds/team	team	Binky Moon, LLC	09/04/2015
https://dmns.app/tlds/tech	tech	Radix Technologies Inc.	12/03/2015
https://dmns.app/tlds/technology	technology	Binky Moon, LLC	08/11/2013
https://dmns.app/tlds/tel	tel	Telnames Ltd.	01/03/2007
https://dmns.app/tlds/temasek	temasek	Temasek Holdings (Private) Limited	18/12/2014
https://dmns.app/tlds/tennis	tennis	Binky Moon, LLC	29/01/2015
https://dmns.app/tlds/teva	teva	Teva Pharmaceutical Industries Limited	19/02/2016
https://dmns.app/tlds/tf	tf	Association Française pour le Nommage Internet en Coopération (A.F.N.I.C.)	26/08/1997
https://dmns.app/tlds/tg	tg	Autorité de Régulation des Communications Electroniques et des Postes (ARCEP)	05/09/1996
https://dmns.app/tlds/th	th	Thai Network Information Center Foundation	07/09/1988
https://dmns.app/tlds/thd	thd	Home Depot Product Authority, LLC	14/05/2015
https://dmns.app/tlds/theater	theater	Binky Moon, LLC	30/04/2015
https://dmns.app/tlds/theatre	theatre	XYZ.COM LLC	13/08/2015
https://dmns.app/tlds/tiaa	tiaa	Teachers Insurance and Annuity Association of America	24/03/2016
https://dmns.app/tlds/tickets	tickets	XYZ.COM LLC	19/03/2015
https://dmns.app/tlds/tienda	tienda	Binky Moon, LLC	16/01/2014
https://dmns.app/tlds/tips	tips	Binky Moon, LLC	13/11/2013
https://dmns.app/tlds/tires	tires	Binky Moon, LLC	11/12/2014
https://dmns.app/tlds/tirol	tirol	punkt Tirol GmbH	29/05/2014
https://dmns.app/tlds/tj	tj	Information Technology Center	11/12/1997
https://dmns.app/tlds/tjmaxx	tjmaxx	The TJX Companies, Inc.	07/04/2016
https://dmns.app/tlds/tjx	tjx	The TJX Companies, Inc.	07/04/2016
https://dmns.app/tlds/tk	tk	Telecommunication Tokelau Corporation (Teletok)	07/11/1997
https://dmns.app/tlds/tkmaxx	tkmaxx	The TJX Companies, Inc.	07/04/2016
https://dmns.app/tlds/tl	tl	Autoridade Nacional de Comunicações	23/03/2005
https://dmns.app/tlds/tm	tm	TM Domain Registry Ltd	30/05/1997
https://dmns.app/tlds/tmall	tmall	Alibaba Group Holding Limited	08/01/2016
https://dmns.app/tlds/tn	tn	Agence Tunisienne d'Internet	17/05/1991
https://dmns.app/tlds/to	to	Government of the Kingdom of Tonga, H.R.H. Crown Prince Tupouto'a, c/o Consulate of Tonga	18/12/1995
https://dmns.app/tlds/today	today	Binky Moon, LLC	13/11/2013
https://dmns.app/tlds/tokyo	tokyo	GMO Registry, Inc.	16/01/2014
https://dmns.app/tlds/tools	tools	Binky Moon, LLC	16/01/2014
https://dmns.app/tlds/toray	toray	Toray Industries, Inc.	16/04/2015
https://dmns.app/tlds/toshiba	toshiba	TOSHIBA Corporation	09/10/2014
https://dmns.app/tlds/total	total	TotalEnergies SE	05/02/2016
https://dmns.app/tlds/tours	tours	Binky Moon, LLC	12/03/2015
https://dmns.app/tlds/town	town	Binky Moon, LLC	03/04/2014
https://dmns.app/tlds/toyota	toyota	TOYOTA MOTOR CORPORATION	16/07/2015
https://dmns.app/tlds/toys	toys	Binky Moon, LLC	03/04/2014
https://dmns.app/tlds/tr	tr	Bilgi Teknolojileri ve İletişim Kurumu (BTK)	17/09/1990
https://dmns.app/tlds/trade	trade	Elite Registry Limited	06/03/2014
https://dmns.app/tlds/trading	trading	Dog Beach, LLC	06/03/2015
https://dmns.app/tlds/training	training	Binky Moon, LLC	19/12/2013
https://dmns.app/tlds/travel	travel	Dog Beach, LLC	27/07/2005
https://dmns.app/tlds/travelers	travelers	Travelers TLD, LLC	25/11/2015
https://dmns.app/tlds/travelersinsurance	travelersinsurance	Travelers TLD, LLC	25/11/2015
https://dmns.app/tlds/trust	trust	Internet Naming Co.	26/11/2014
https://dmns.app/tlds/trv	trv	Travelers TLD, LLC	25/11/2015
https://dmns.app/tlds/tt	tt	University of the West Indies, Faculty of Engineering	03/09/1991
https://dmns.app/tlds/tube	tube	Latin American Telecom LLC	23/12/2015
https://dmns.app/tlds/tui	tui	TUI AG	18/09/2014
https://dmns.app/tlds/tunes	tunes	Amazon Registry Services, Inc.	29/01/2016
https://dmns.app/tlds/tushu	tushu	Amazon Registry Services, Inc.	12/11/2015
https://dmns.app/tlds/tv	tv	Ministry of Transport, Energy, Communications and Innovations	18/03/1996
https://dmns.app/tlds/tvs	tvs	T V SUNDRAM IYENGAR  & SONS PRIVATE LIMITED	05/02/2016
https://dmns.app/tlds/tw	tw	Taiwan Network Information Center (TWNIC)	31/07/1989
https://dmns.app/tlds/tz	tz	Tanzania Communications Regulatory Authority	14/07/1995
https://dmns.app/tlds/ua	ua	Hostmaster Ltd.	01/12/1992
https://dmns.app/tlds/ubank	ubank	National Australia Bank Limited	04/08/2016
https://dmns.app/tlds/ubs	ubs	UBS AG	11/06/2015
https://dmns.app/tlds/ug	ug	Uganda Online Ltd.	08/03/1995
https://dmns.app/tlds/unicom	unicom	China United Network Communications Corporation Limited	22/01/2016
https://dmns.app/tlds/university	university	Binky Moon, LLC	03/04/2014
https://dmns.app/tlds/uno	uno	Radix Technologies Inc.	13/11/2013
https://dmns.app/tlds/uol	uol	UBN INTERNET LTDA.	07/08/2014
https://dmns.app/tlds/ups	ups	UPS Market Driver, Inc.	14/04/2016
https://dmns.app/tlds/uy	uy	SeCIU - Universidad de la Republica	10/09/1990
https://dmns.app/tlds/uz	uz	Single Integrator for Creation and Support of State Information Systems UZINFOCOM	29/04/1995
https://dmns.app/tlds/va	va	Holy See - Vatican City State	11/09/1995
https://dmns.app/tlds/vacations	vacations	Binky Moon, LLC	13/02/2014
https://dmns.app/tlds/vana	vana	D3 Registry LLC	24/09/2015
https://dmns.app/tlds/vanguard	vanguard	The Vanguard Group, Inc.	18/08/2016
https://dmns.app/tlds/vc	vc	Ministry of Telecommunications, Science, Technology and Industry	03/09/1991
https://dmns.app/tlds/ve	ve	Comisión Nacional de Telecomunicaciones (CONATEL)	07/03/1991
https://dmns.app/tlds/vegas	vegas	Dot Vegas, Inc.	20/03/2014
https://dmns.app/tlds/ventures	ventures	Binky Moon, LLC	31/10/2013
https://dmns.app/tlds/verisign	verisign	VeriSign, Inc.	06/11/2015
https://dmns.app/tlds/verm%C3%B6gensberater	vermögensberater	Deutsche Vermögensberatung Aktiengesellschaft DVAG	18/09/2014
https://dmns.app/tlds/verm%C3%B6gensberatung	vermögensberatung	Deutsche Vermögensberatung Aktiengesellschaft DVAG	18/09/2014
https://dmns.app/tlds/versicherung	versicherung	tldbox GmbH	15/05/2014
https://dmns.app/tlds/vet	vet	Dog Beach, LLC	22/05/2014
https://dmns.app/tlds/vg	vg	Telecommunications Regulatory Commission of the Virgin Islands	20/02/1997
https://dmns.app/tlds/vi	vi	Virgin Islands Public Telecommunications System, Inc.	31/08/1995
https://dmns.app/tlds/viajes	viajes	Binky Moon, LLC	12/12/2013
https://dmns.app/tlds/video	video	Dog Beach, LLC	17/12/2014
https://dmns.app/tlds/vig	vig	VIENNA INSURANCE GROUP AG Wiener Versicherung Gruppe	25/11/2015
https://dmns.app/tlds/viking	viking	Viking River Cruises (Bermuda) Ltd.	15/10/2015
https://dmns.app/tlds/villas	villas	Binky Moon, LLC	06/02/2014
https://dmns.app/tlds/vin	vin	Binky Moon, LLC	23/07/2015
https://dmns.app/tlds/vip	vip	Registry Services, LLC	30/07/2015
https://dmns.app/tlds/virgin	virgin	Virgin Enterprises Limited	10/09/2015
https://dmns.app/tlds/visa	visa	Visa Worldwide Pte. Limited	30/06/2016
https://dmns.app/tlds/vision	vision	Binky Moon, LLC	06/02/2014
https://dmns.app/tlds/viva	viva	Saudi Telecom Company	20/08/2015
https://dmns.app/tlds/vivo	vivo	Telefonica Brasil S.A.	26/05/2016
https://dmns.app/tlds/vlaanderen	vlaanderen	DNS.be vzw	05/06/2014
https://dmns.app/tlds/vn	vn	Viet Nam Internet Network Information Center (VNNIC)	14/04/1994
https://dmns.app/tlds/vodka	vodka	Registry Services, LLC	28/02/2014
https://dmns.app/tlds/volvo	volvo	Volvo Holding Sverige Aktiebolag	29/01/2016
https://dmns.app/tlds/vote	vote	Monolith Registry LLC	13/02/2014
https://dmns.app/tlds/voting	voting	Valuetainment Corp.	16/01/2014
https://dmns.app/tlds/voto	voto	Monolith Registry LLC	13/02/2014
https://dmns.app/tlds/voyage	voyage	Binky Moon, LLC	31/10/2013
https://dmns.app/tlds/vu	vu	Telecommunications Radiocommunications and Broadcasting Regulator (TRBR)	10/04/1995
https://dmns.app/tlds/wales	wales	Nominet UK	31/07/2014
https://dmns.app/tlds/walmart	walmart	Wal-Mart Stores, Inc.	21/07/2016
https://dmns.app/tlds/walter	walter	Sandvik AB	14/05/2015
https://dmns.app/tlds/wang	wang	Zodiac Wang Limited	12/12/2013
https://dmns.app/tlds/wanggou	wanggou	Amazon Registry Services, Inc.	12/11/2015
https://dmns.app/tlds/watch	watch	Binky Moon, LLC	16/01/2014
https://dmns.app/tlds/watches	watches	Identity Digital Limited	12/11/2015
https://dmns.app/tlds/weather	weather	International Business Machines Corporation	23/12/2015
https://dmns.app/tlds/weatherchannel	weatherchannel	International Business Machines Corporation	22/01/2016
https://dmns.app/tlds/webcam	webcam	dot Webcam Limited	06/03/2014
https://dmns.app/tlds/weber	weber	Saint-Gobain Weber SA	10/12/2015
https://dmns.app/tlds/website	website	Radix Technologies Inc.	22/05/2014
https://dmns.app/tlds/juegos	juegos	Dog Beach, LLC	08/05/2014
https://dmns.app/tlds/juniper	juniper	JUNIPER NETWORKS, INC.	30/06/2016
https://dmns.app/tlds/kaufen	kaufen	Dog Beach, LLC	19/12/2013
https://dmns.app/tlds/kddi	kddi	KDDI CORPORATION	18/12/2014
https://dmns.app/tlds/ke	ke	Kenya Network Information Center (KeNIC)	29/04/1993
https://dmns.app/tlds/kerryhotels	kerryhotels	Kerry Trading Co. Limited	17/12/2015
https://dmns.app/tlds/kerrylogistics	kerrylogistics	Kerry Trading Co. Limited	17/12/2015
https://dmns.app/tlds/kerryproperties	kerryproperties	Kerry Trading Co. Limited	17/12/2015
https://dmns.app/tlds/kfh	kfh	Kuwait Finance House	29/10/2015
https://dmns.app/tlds/kg	kg	AsiaInfo Telecommunication Enterprise	12/07/1995
https://dmns.app/tlds/kh	kh	Telecommunication Regulator of Cambodia (TRC)	20/02/1996
https://dmns.app/tlds/ki	ki	Ministry of Information, Communications and Transport (MICT)	19/04/1995
https://dmns.app/tlds/kia	kia	KIA MOTORS CORPORATION	17/09/2015
https://dmns.app/tlds/kids	kids	DotKids Foundation Limited	05/03/2022
https://dmns.app/tlds/kim	kim	Identity Digital Limited	19/12/2013
https://dmns.app/tlds/kindle	kindle	Amazon Registry Services, Inc.	19/05/2016
https://dmns.app/tlds/kitchen	kitchen	Binky Moon, LLC	13/11/2013
https://dmns.app/tlds/kiwi	kiwi	DOT KIWI LIMITED	25/11/2013
https://dmns.app/tlds/km	km	Comores Telecom	08/06/1998
https://dmns.app/tlds/kn	kn	Ministry of Finance, Sustainable Development Information & Technology	03/09/1991
https://dmns.app/tlds/koeln	koeln	dotKoeln GmbH	20/02/2014
https://dmns.app/tlds/komatsu	komatsu	Komatsu Ltd.	06/03/2015
https://dmns.app/tlds/kosher	kosher	Kosher Marketing Assets LLC	03/06/2016
https://dmns.app/tlds/kp	kp	Star Joint Venture Company	24/09/2007
https://dmns.app/tlds/kpmg	kpmg	KPMG International Cooperative (KPMG International Genossenschaft)	14/01/2016
https://dmns.app/tlds/kpn	kpn	Koninklijke KPN N.V.	04/12/2015
https://dmns.app/tlds/kr	kr	Korea Internet & Security Agency (KISA)	29/09/1986
https://dmns.app/tlds/krd	krd	KRG Department of Information Technology	10/07/2014
https://dmns.app/tlds/kred	kred	KredTLD Pty Ltd	20/02/2014
https://dmns.app/tlds/kuokgroup	kuokgroup	Kerry Trading Co. Limited	17/12/2015
https://dmns.app/tlds/kw	kw	Communications and Information Technology Regulatory Authority	26/10/1992
https://dmns.app/tlds/ky	ky	Utility Regulation and Competition Office (OfReg)	03/05/1995
https://dmns.app/tlds/kyoto	kyoto	Academic Institution: Kyoto Jyoho Gakuen	08/01/2015
https://dmns.app/tlds/kz	kz	Association of IT Companies of Kazakhstan	19/09/1994
https://dmns.app/tlds/la	la	Lao National Internet Center (LANIC), Ministry of Technology and Communications	14/05/1996
https://dmns.app/tlds/lacaixa	lacaixa	"Fundación Bancaria Caixa d'Estalvis i Pensions de Barcelona, ""la Caixa"""	10/07/2014
https://dmns.app/tlds/lamborghini	lamborghini	Automobili Lamborghini S.p.A.	12/11/2015
https://dmns.app/tlds/lamer	lamer	The Estée Lauder Companies Inc.	10/12/2015
https://dmns.app/tlds/lancaster	lancaster	LANCASTER	18/06/2015
https://dmns.app/tlds/land	land	Binky Moon, LLC	08/11/2013
https://dmns.app/tlds/landrover	landrover	Jaguar Land Rover Ltd	15/10/2015
https://dmns.app/tlds/lanxess	lanxess	LANXESS Corporation	08/01/2016
https://dmns.app/tlds/lasalle	lasalle	Jones Lang LaSalle Incorporated	04/06/2015
https://dmns.app/tlds/lat	lat	XYZ.COM LLC	04/12/2014
https://dmns.app/tlds/latino	latino	Dish DBS Corporation	30/06/2016
https://dmns.app/tlds/latrobe	latrobe	La Trobe University	06/11/2014
https://dmns.app/tlds/law	law	Registry Services, LLC	18/06/2015
https://dmns.app/tlds/lawyer	lawyer	Dog Beach, LLC	22/05/2014
https://dmns.app/tlds/lb	lb	Internet Society Lebanon	25/08/1993
https://dmns.app/tlds/lc	lc	University of Puerto Rico	03/09/1991
https://dmns.app/tlds/lds	lds	IRI Domain Management, LLC	16/10/2014
https://dmns.app/tlds/lease	lease	Binky Moon, LLC	03/04/2014
https://dmns.app/tlds/leclerc	leclerc	A.C.D. LEC Association des Centres Distributeurs Edouard Leclerc	29/01/2015
https://dmns.app/tlds/lefrak	lefrak	LeFrak Organization, Inc.	31/03/2016
https://dmns.app/tlds/legal	legal	Binky Moon, LLC	20/11/2014
https://dmns.app/tlds/lego	lego	LEGO Juris A/S	24/03/2016
https://dmns.app/tlds/lexus	lexus	TOYOTA MOTOR CORPORATION	16/07/2015
https://dmns.app/tlds/lgbt	lgbt	Identity Digital Limited	26/06/2014
https://dmns.app/tlds/li	li	SWITCH The Swiss Education & Research Network	26/02/1993
https://dmns.app/tlds/lidl	lidl	Schwarz Domains und Services GmbH & Co. KG	04/12/2014
https://dmns.app/tlds/life	life	Binky Moon, LLC	08/05/2014
https://dmns.app/tlds/lifeinsurance	lifeinsurance	American Council of Life Insurers	09/07/2015
https://dmns.app/tlds/lifestyle	lifestyle	Internet Naming Co.	01/10/2015
https://dmns.app/tlds/lighting	lighting	Binky Moon, LLC	31/10/2013
https://dmns.app/tlds/like	like	Amazon Registry Services, Inc.	12/11/2015
https://dmns.app/tlds/lilly	lilly	Eli Lilly and Company	19/05/2016
https://dmns.app/tlds/limited	limited	Binky Moon, LLC	17/04/2014
https://dmns.app/tlds/limo	limo	Binky Moon, LLC	12/12/2013
https://dmns.app/tlds/lincoln	lincoln	Ford Motor Company	10/12/2015
https://dmns.app/tlds/linde	linde	American Automobile Association, Inc.	13/08/2015
https://dmns.app/tlds/lipsy	lipsy	Lipsy Ltd	21/04/2016
https://dmns.app/tlds/live	live	Dog Beach, LLC	25/06/2015
https://dmns.app/tlds/living	living	Internet Naming Co.	10/12/2015
https://dmns.app/tlds/lk	lk	"Council for Information Technology
LK Domain Registrar"	15/06/1990
https://dmns.app/tlds/llc	llc	Identity Digital Limited	16/02/2018
https://dmns.app/tlds/llp	llp	Intercap Registry Inc.	20/11/2019
https://dmns.app/tlds/loan	loan	dot Loan Limited	05/02/2015
https://dmns.app/tlds/loans	loans	Binky Moon, LLC	08/05/2014
https://dmns.app/tlds/locker	locker	Orange Domains LLC	19/05/2016
https://dmns.app/tlds/locus	locus	Locus Analytics LLC	26/02/2016
https://dmns.app/tlds/lol	lol	XYZ.COM LLC	23/04/2015
https://dmns.app/tlds/london	london	Dot London Domains Limited	13/02/2014
https://dmns.app/tlds/lotte	lotte	Lotte Holdings Co., Ltd.	08/01/2015
https://dmns.app/tlds/lotto	lotto	Identity Digital Limited	05/06/2014
https://dmns.app/tlds/love	love	Waterford Limited	25/03/2015
https://dmns.app/tlds/lpl	lpl	LPL Holdings, Inc.	30/06/2016
https://dmns.app/tlds/lplfinancial	lplfinancial	LPL Holdings, Inc.	30/06/2016
https://dmns.app/tlds/lr	lr	Data Technology Solutions, Inc.	09/04/1997
https://dmns.app/tlds/ls	ls	Lesotho Network Information Centre Proprietary (LSNIC)	13/01/1993
https://dmns.app/tlds/lt	lt	Kaunas University of Technology	03/06/1992
https://dmns.app/tlds/ltd	ltd	Binky Moon, LLC	06/08/2015
https://dmns.app/tlds/ltda	ltda	InterNetX Corp.	03/07/2014
https://dmns.app/tlds/lu	lu	RESTENA	27/01/1995
https://dmns.app/tlds/lundbeck	lundbeck	H. Lundbeck A/S	16/06/2016
https://dmns.app/tlds/luxe	luxe	Registry Services, LLC	13/03/2014
https://dmns.app/tlds/luxury	luxury	Luxury Partners LLC	09/01/2014
https://dmns.app/tlds/lv	lv	University of Latvia, Institute of Mathematics and Computer Science, Department of Network Solutions (DNS)	29/04/1993
https://dmns.app/tlds/ma	ma	Agence Nationale de Réglementation des Télécommunications (ANRT)	26/11/1993
https://dmns.app/tlds/madrid	madrid	Comunidad de Madrid	02/10/2014
https://dmns.app/tlds/maif	maif	Mutuelle Assurance Instituteur France (MAIF)	13/02/2015
https://dmns.app/tlds/maison	maison	Binky Moon, LLC	06/02/2014
https://dmns.app/tlds/makeup	makeup	XYZ.COM LLC	23/12/2015
https://dmns.app/tlds/man	man	MAN Truck & Bus SE	27/02/2015
https://dmns.app/tlds/management	management	Binky Moon, LLC	12/12/2013
https://dmns.app/tlds/mango	mango	PUNTO FA S.L.	23/01/2014
https://dmns.app/tlds/map	map	Charleston Road Registry Inc.	08/06/2017
https://dmns.app/tlds/market	market	Dog Beach, LLC	22/05/2014
https://dmns.app/tlds/marketing	marketing	Binky Moon, LLC	09/01/2014
https://dmns.app/tlds/markets	markets	Dog Beach, LLC	06/03/2015
https://dmns.app/tlds/marriott	marriott	Marriott Worldwide Corporation	18/12/2014
https://dmns.app/tlds/marshalls	marshalls	The TJX Companies, Inc.	07/04/2016
https://dmns.app/tlds/mattel	mattel	Mattel IT Services, Inc.	22/01/2016
https://dmns.app/tlds/mba	mba	Binky Moon, LLC	14/05/2015
https://dmns.app/tlds/mc	mc	Direction des Plateformes et des Ressources Numériques	20/01/1995
https://dmns.app/tlds/mckinsey	mckinsey	McKinsey Holdings, Inc.	21/07/2016
https://dmns.app/tlds/md	md	IP Serviciul Tehnologia Informatiei si Securitate Cibernetica	24/03/1994
https://dmns.app/tlds/med	med	Medistry LLC	12/11/2015
https://dmns.app/tlds/media	media	Binky Moon, LLC	03/04/2014
https://dmns.app/tlds/meet	meet	Charleston Road Registry Inc.	20/03/2014
https://dmns.app/tlds/melbourne	melbourne	The Crown in right of the State of Victoria, represented by its Department of State Development, Business and Innovation	03/07/2014
https://dmns.app/tlds/meme	meme	Charleston Road Registry Inc.	12/06/2014
https://dmns.app/tlds/memorial	memorial	Dog Beach, LLC	20/11/2014
https://dmns.app/tlds/men	men	Exclusive Registry Limited	08/05/2015
https://dmns.app/tlds/menu	menu	Dot Menu Registry LLC	13/11/2013
https://dmns.app/tlds/merckmsd	merckmsd	MSD Registry Holdings, Inc.	15/06/2017
https://dmns.app/tlds/mg	mg	NIC-MG (Network Information Center Madagascar)	25/07/1995
https://dmns.app/tlds/mh	mh	Office of the Cabinet	16/08/1996
https://dmns.app/tlds/miami	miami	Registry Services, LLC	28/02/2014
https://dmns.app/tlds/microsoft	microsoft	Microsoft Corporation	30/04/2015
https://dmns.app/tlds/mil	mil	DoD Network Information Center	01/01/1985
https://dmns.app/tlds/mini	mini	Bayerische Motoren Werke Aktiengesellschaft	05/06/2014
https://dmns.app/tlds/mint	mint	Intuit Administrative Services, Inc.	09/06/2016
https://dmns.app/tlds/mit	mit	Massachusetts Institute of Technology	24/06/2016
https://dmns.app/tlds/mitsubishi	mitsubishi	Mitsubishi Corporation	24/06/2016
https://dmns.app/tlds/mk	mk	Macedonian Academic Research Network Skopje	23/09/1993
https://dmns.app/tlds/ml	ml	Agence des Technologies de l’Information et de la Communication	29/09/1993
https://dmns.app/tlds/mlb	mlb	MLB Advanced Media DH, LLC	05/05/2016
https://dmns.app/tlds/mls	mls	The Canadian Real Estate Association	20/08/2015
https://dmns.app/tlds/mm	mm	Ministry of Transport and Communications	04/02/1997
https://dmns.app/tlds/mma	mma	MMA IARD	27/02/2015
https://dmns.app/tlds/mn	mn	Datacom Co., Ltd.	02/03/1995
https://dmns.app/tlds/mo	mo	Macao Post and Telecommunications Bureau (CTT)	17/09/1992
https://dmns.app/tlds/mobi	mobi	Identity Digital Limited	17/10/2005
https://dmns.app/tlds/mobile	mobile	Dish DBS Corporation	15/12/2016
https://dmns.app/tlds/moda	moda	Dog Beach, LLC	09/01/2014
https://dmns.app/tlds/moe	moe	Interlink Systems Innovation Institute K.K.	13/03/2014
https://dmns.app/tlds/moi	moi	Amazon Registry Services, Inc.	10/09/2015
https://dmns.app/tlds/mom	mom	XYZ.COM LLC	13/08/2015
https://dmns.app/tlds/monash	monash	Monash University	09/01/2014
https://dmns.app/tlds/money	money	Binky Moon, LLC	20/11/2014
https://dmns.app/tlds/monster	monster	XYZ.COM LLC	23/12/2015
https://dmns.app/tlds/mormon	mormon	"IRI Domain Management, LLC (""Applicant"")"	16/10/2014
https://dmns.app/tlds/mortgage	mortgage	Dog Beach, LLC	22/05/2014
https://dmns.app/tlds/moscow	moscow	Foundation for Assistance for Internet Technologies and Infrastructure Development (FAITID)	17/04/2014
https://dmns.app/tlds/moto	moto	Motorola Trademark Holdings, LLC	30/09/2016
https://dmns.app/tlds/motorcycles	motorcycles	XYZ.COM LLC	01/05/2014
https://dmns.app/tlds/mov	mov	Charleston Road Registry Inc.	12/06/2014
https://dmns.app/tlds/movie	movie	Binky Moon, LLC	12/03/2015
https://dmns.app/tlds/mp	mp	Saipan Datacom, Inc.	22/10/1996
https://dmns.app/tlds/mq	mq	CANAL+ TELECOM	28/03/1997
https://dmns.app/tlds/mr	mr	Université de Nouakchott Al Aasriya	24/04/1996
https://dmns.app/tlds/ms	ms	MNI Networks Ltd.	06/03/1997
https://dmns.app/tlds/msd	msd	MSD Registry Holdings, Inc.	24/06/2016
https://dmns.app/tlds/mt	mt	NIC (Malta)	02/12/1992


